name,description,price,url,shop,style
"Dripex lit rembourré 140x200cm avec lit gigogne 90×190cm et trois tiroirs,lit ...","Le Dripex lit rembourré 140x200cm avec lit gigogne 90×190cm et trois tiroirs,lit ... est l'incarnation du confort et de la praticité. Doté d'un lit gigogne intégré et de tiroirs spacieux, il optimise votre espace tout en offrant un style moderne et élégant. Fabriqué avec des matériaux de haute qualité, il garantit robustesse et longévité. Idéal pour accueillir des invités ou organiser votre chambre efficacement. Pour en savoir plus, visitez https://www.google.fr/shopping/product/739379105829696474?hl=fr&psb=1&q=lit+chambre&oq=lit+chambre&gs_lp=Egtwcm9kdWN0cy1jYyILbGl0IGNoYW1icmVIAFAAWABwAHgAkAEAmAEAoAEAqgEAuAEDyAEAmAIAoAIAmAMAkgcAoAcA&sclient=products-cc&prds=eto:14287804049013862689_0,pid:4170946844223297730&sa=X&ved=0ahUKEwj3poyjo_yJAxUGKvsDHfxCOewQ8gIIuw8oAA.","317,98 €","https://www.google.fr/shopping/product/739379105829696474?hl=fr&psb=1&q=lit+chambre&oq=lit+chambre&gs_lp=Egtwcm9kdWN0cy1jYyILbGl0IGNoYW1icmVIAFAAWABwAHgAkAEAmAEAoAEAqgEAuAEDyAEAmAIAoAIAmAMAkgcAoAcA&sclient=products-cc&prds=eto:14287804049013862689_0,pid:4170946844223297730&sa=X&ved=0ahUKEwj3poyjo_yJAxUGKvsDHfxCOewQ8gIIuw8oAA",Cdiscount Marketplace,Modern
KOMHTOM Lit Coffre avec Rangement lit capitonné LED avec sommier à Lattes et tête ...,"Le KOMHTOM Lit Coffre avec Rangement lit capitonné LED avec sommier à Lattes et tête ... est une solution idéale pour une chambre moderne. Avec son coffre de rangement spacieux et son design raffiné, il allie fonctionnalité et élégance. Sa finition haut de gamme et sa construction robuste garantissent des nuits reposantes. Explorez ce lit parfait pour maximiser l'espace et ajouter une touche sophistiquée. Plus d'informations sur https://www.google.fr/url?url=https://www.amazon.fr/KOMHTOM-Rangement-capitonn%25C3%25A9-sommier-rallong%25C3%25A9e/dp/B0D6RMW7QV%3Fsource%3Dps-sl-shoppingads-lpcontext%26ref_%3Dfplfs%26psc%3D1%26smid%3DA1JVI5F4Q02OIQ&rct=j&q=&esrc=s&opi=95576897&sa=U&ved=0ahUKEwj3poyjo_yJAxUGKvsDHfxCOewQ1SkIxw8oAA&usg=AOvVaw0gNbl12uiYUlGqNpXKPDtL.","281,11 €",https://www.google.fr/url?url=https://www.amazon.fr/KOMHTOM-Rangement-capitonn%25C3%25A9-sommier-rallong%25C3%25A9e/dp/B0D6RMW7QV%3Fsource%3Dps-sl-shoppingads-lpcontext%26ref_%3Dfplfs%26psc%3D1%26smid%3DA1JVI5F4Q02OIQ&rct=j&q=&esrc=s&opi=95576897&sa=U&ved=0ahUKEwj3poyjo_yJAxUGKvsDHfxCOewQ1SkIxw8oAA&usg=AOvVaw0gNbl12uiYUlGqNpXKPDtL,Amazon.fr - Seller,Modern
Lit double à baldaquin Lit Double Chambre Parentale Lit à Baldaquin Ambiance ...,"Le Lit double à baldaquin Lit Double Chambre Parentale Lit à Baldaquin Ambiance ... est un choix luxueux pour une chambre à coucher élégante. Avec son design à baldaquin, il ajoute une touche de grandeur et de raffinement à votre espace. Construit avec des matériaux durables, il allie esthétique et confort pour des nuits paisibles. Détails et spécifications disponibles sur https://www.google.fr/url?url=https://hadeen-place.fr/detail-produit/4302-lit-double-a-baldaquin&rct=j&q=&esrc=s&opi=95576897&sa=U&ved=0ahUKEwj3poyjo_yJAxUGKvsDHfxCOewQ1SkI0w8oAA&usg=AOvVaw3jZLoSCQltRBCKcq4IAsGP.","479,00 €",https://www.google.fr/url?url=https://hadeen-place.fr/detail-produit/4302-lit-double-a-baldaquin&rct=j&q=&esrc=s&opi=95576897&sa=U&ved=0ahUKEwj3poyjo_yJAxUGKvsDHfxCOewQ1SkI0w8oAA&usg=AOvVaw3jZLoSCQltRBCKcq4IAsGP,Hadéen-place,Baroque
"Vente-unique lit avec chevets 160 x 200 cm - avec Leds - coloris , Naturel et ...","Le Vente-unique lit avec chevets 160 x 200 cm - avec Leds - coloris , Naturel et ... est conçu pour offrir un maximum de confort et de style. Avec une attention aux détails et des matériaux de qualité, il constitue un excellent choix pour une chambre contemporaine. Découvrez-en plus en visitant https://www.google.fr/shopping/product/18071536532215493301?hl=fr&psb=1&q=lit+chambre&oq=lit+chambre&gs_lp=Egtwcm9kdWN0cy1jYyILbGl0IGNoYW1icmVIAFAAWABwAHgAkAEAmAEAoAEAqgEAuAEDyAEAmAIAoAIAmAMAkgcAoAcA&sclient=products-cc&prds=eto:16706479613842509700_0,pid:17966893828243887879,rsk:PC_2982305363019780086&sa=X&ved=0ahUKEwj3poyjo_yJAxUGKvsDHfxCOewQ8gII4Q8oAA.","519,99 €","https://www.google.fr/shopping/product/18071536532215493301?hl=fr&psb=1&q=lit+chambre&oq=lit+chambre&gs_lp=Egtwcm9kdWN0cy1jYyILbGl0IGNoYW1icmVIAFAAWABwAHgAkAEAmAEAoAEAqgEAuAEDyAEAmAIAoAIAmAMAkgcAoAcA&sclient=products-cc&prds=eto:16706479613842509700_0,pid:17966893828243887879,rsk:PC_2982305363019780086&sa=X&ved=0ahUKEwj3poyjo_yJAxUGKvsDHfxCOewQ8gII4Q8oAA",Vente-unique.com,Modern
"Liberté - lit Double rembourré 140 x 200 cm, avec Sommier à lattes, dossier et ...","Le Liberté - lit Double rembourré 140 x 200 cm, avec Sommier à lattes, dossier et ... est conçu pour offrir un maximum de confort et de style. Avec une attention aux détails et des matériaux de qualité, il constitue un excellent choix pour une chambre contemporaine. Découvrez-en plus en visitant https://www.google.fr/shopping/product/10395534676684154544?hl=fr&psb=1&q=lit+chambre&oq=lit+chambre&gs_lp=Egtwcm9kdWN0cy1jYyILbGl0IGNoYW1icmVIAFAAWABwAHgAkAEAmAEAoAEAqgEAuAEDyAEAmAIAoAIAmAMAkgcAoAcA&sclient=products-cc&prds=eto:6667937908303710990_0,pid:12755641066667115114&sa=X&ved=0ahUKEwj3poyjo_yJAxUGKvsDHfxCOewQ8gII7w8oAA.","259,99 €","https://www.google.fr/shopping/product/10395534676684154544?hl=fr&psb=1&q=lit+chambre&oq=lit+chambre&gs_lp=Egtwcm9kdWN0cy1jYyILbGl0IGNoYW1icmVIAFAAWABwAHgAkAEAmAEAoAEAqgEAuAEDyAEAmAIAoAIAmAMAkgcAoAcA&sclient=products-cc&prds=eto:6667937908303710990_0,pid:12755641066667115114&sa=X&ved=0ahUKEwj3poyjo_yJAxUGKvsDHfxCOewQ8gII7w8oAA",ManoMano.fr,Boheme
"Lit Coffre Tokyo Gris - Design Chic et Branché, 180x200 / Monarque avec ...","Le Lit Coffre Tokyo Gris - Design Chic et Branché, 180x200 / Monarque avec ... est une solution idéale pour une chambre moderne. Avec son coffre de rangement spacieux et son design raffiné, il allie fonctionnalité et élégance. Sa finition haut de gamme et sa construction robuste garantissent des nuits reposantes. Explorez ce lit parfait pour maximiser l'espace et ajouter une touche sophistiquée. Plus d'informations sur https://www.google.fr/url?url=https://lovelymeubles.fr/products/lit-coffre-tokyo-gris-design-chic-et-branche%3Fcurrency%3DEUR%26variant%3D53712612753733%26utm_source%3Dgoogle%26utm_medium%3Dcpc%26utm_campaign%3DGoogle%2520Shopping%26stkn%3D8eb7ad69d6cc%26srsltid%3DAfmBOoriho1QITmwSKMZbl0Xoqv7eI_mLqBNumv61eVWLTZT-EpCeMZB2xU&rct=j&q=&esrc=s&opi=95576897&sa=U&ved=0ahUKEwj3poyjo_yJAxUGKvsDHfxCOewQ1SkI_A8oAA&usg=AOvVaw0NjlPVh9lMGbnvCDO886BL.","1 689,00 €",https://www.google.fr/url?url=https://lovelymeubles.fr/products/lit-coffre-tokyo-gris-design-chic-et-branche%3Fcurrency%3DEUR%26variant%3D53712612753733%26utm_source%3Dgoogle%26utm_medium%3Dcpc%26utm_campaign%3DGoogle%2520Shopping%26stkn%3D8eb7ad69d6cc%26srsltid%3DAfmBOoriho1QITmwSKMZbl0Xoqv7eI_mLqBNumv61eVWLTZT-EpCeMZB2xU&rct=j&q=&esrc=s&opi=95576897&sa=U&ved=0ahUKEwj3poyjo_yJAxUGKvsDHfxCOewQ1SkI_A8oAA&usg=AOvVaw0NjlPVh9lMGbnvCDO886BL,Lovely Meubles,Modern
Modernluxe lit rembbourré 90x200cm avec lit gigogne 90x190cm - en tissu lin ...,"Le Modernluxe lit rembbourré 90x200cm avec lit gigogne 90x190cm - en tissu lin ... est l'incarnation du confort et de la praticité. Doté d'un lit gigogne intégré et de tiroirs spacieux, il optimise votre espace tout en offrant un style moderne et élégant. Fabriqué avec des matériaux de haute qualité, il garantit robustesse et longévité. Idéal pour accueillir des invités ou organiser votre chambre efficacement. Pour en savoir plus, visitez https://www.google.fr/shopping/product/8104381553476688352?hl=fr&psb=1&q=lit+chambre&oq=lit+chambre&gs_lp=Egtwcm9kdWN0cy1jYyILbGl0IGNoYW1icmVIAFAAWABwAHgAkAEAmAEAoAEAqgEAuAEDyAEAmAIAoAIAmAMAkgcAoAcA&sclient=products-cc&prds=eto:5911064772565800672_0,pid:5374198887085237095,rsk:PC_2481100218018577487&sa=X&ved=0ahUKEwj3poyjo_yJAxUGKvsDHfxCOewQ8gIIiBAoAA.","296,99 €","https://www.google.fr/shopping/product/8104381553476688352?hl=fr&psb=1&q=lit+chambre&oq=lit+chambre&gs_lp=Egtwcm9kdWN0cy1jYyILbGl0IGNoYW1icmVIAFAAWABwAHgAkAEAmAEAoAEAqgEAuAEDyAEAmAIAoAIAmAMAkgcAoAcA&sclient=products-cc&prds=eto:5911064772565800672_0,pid:5374198887085237095,rsk:PC_2481100218018577487&sa=X&ved=0ahUKEwj3poyjo_yJAxUGKvsDHfxCOewQ8gIIiBAoAA",Conforama,Modern
KOMHTOM Lit Double Rembourré Lit Coffre avec Lampe Cadre de Lit Plateform avec ...,"Le KOMHTOM Lit Double Rembourré Lit Coffre avec Lampe Cadre de Lit Plateform avec ... est une solution idéale pour une chambre moderne. Avec son coffre de rangement spacieux et son design raffiné, il allie fonctionnalité et élégance. Sa finition haut de gamme et sa construction robuste garantissent des nuits reposantes. Explorez ce lit parfait pour maximiser l'espace et ajouter une touche sophistiquée. Plus d'informations sur https://www.google.fr/url?url=https://www.amazon.fr/KOMHTOM-Rembourr%25C3%25A9-Plateform-Modernit%25C3%25A9-Beige-Linen/dp/B0CLVHTTDS%3Fsource%3Dps-sl-shoppingads-lpcontext%26ref_%3Dfplfs%26psc%3D1%26smid%3DA1JVI5F4Q02OIQ&rct=j&q=&esrc=s&opi=95576897&sa=U&ved=0ahUKEwj3poyjo_yJAxUGKvsDHfxCOewQ1SkIlhAoAA&usg=AOvVaw0WFhbG1V86Ln1CzG6b3Sa5.","335,11 €",https://www.google.fr/url?url=https://www.amazon.fr/KOMHTOM-Rembourr%25C3%25A9-Plateform-Modernit%25C3%25A9-Beige-Linen/dp/B0CLVHTTDS%3Fsource%3Dps-sl-shoppingads-lpcontext%26ref_%3Dfplfs%26psc%3D1%26smid%3DA1JVI5F4Q02OIQ&rct=j&q=&esrc=s&opi=95576897&sa=U&ved=0ahUKEwj3poyjo_yJAxUGKvsDHfxCOewQ1SkIlhAoAA&usg=AOvVaw0WFhbG1V86Ln1CzG6b3Sa5,Amazon.fr - Seller,Modern
"Lit avec panneau et tête de lit réglable pour chambre à coucher, 59 po x 79 po, noyer","Le Lit avec panneau et tête de lit réglable pour chambre à coucher, 59 po x 79 po, noyer est conçu pour offrir un maximum de confort et de style. Avec une attention aux détails et des matériaux de qualité, il constitue un excellent choix pour une chambre contemporaine. Découvrez-en plus en visitant https://www.google.fr/url?url=https://www.litfad.com/fr/panel-bed-with-panel-and-adjustable-headboard-for-bedroom-59w-x-79l-walnut-s-6645805.html%3Fsrsltid%3DAfmBOoreG-0tL9tZ6bh6N-Nlj2jDrbseHvi0U_Z25R1TaJouivVFIijZAus&rct=j&q=&esrc=s&opi=95576897&sa=U&ved=0ahUKEwj3poyjo_yJAxUGKvsDHfxCOewQ1SkIohAoAA&usg=AOvVaw1nZ1Y1-nDwjPsRVrbJnpgN.","618,31 €",https://www.google.fr/url?url=https://www.litfad.com/fr/panel-bed-with-panel-and-adjustable-headboard-for-bedroom-59w-x-79l-walnut-s-6645805.html%3Fsrsltid%3DAfmBOoreG-0tL9tZ6bh6N-Nlj2jDrbseHvi0U_Z25R1TaJouivVFIijZAus&rct=j&q=&esrc=s&opi=95576897&sa=U&ved=0ahUKEwj3poyjo_yJAxUGKvsDHfxCOewQ1SkIohAoAA&usg=AOvVaw1nZ1Y1-nDwjPsRVrbJnpgN,Litfad.com,Contemporain
Lit coffre Adulte 140 x 190 cm - tissu Beige - Eclipse,"Le Lit coffre Adulte 140 x 190 cm - tissu Beige - Eclipse est une solution idéale pour une chambre moderne. Avec son coffre de rangement spacieux et son design raffiné, il allie fonctionnalité et élégance. Sa finition haut de gamme et sa construction robuste garantissent des nuits reposantes. Explorez ce lit parfait pour maximiser l'espace et ajouter une touche sophistiquée. Plus d'informations sur https://www.google.fr/shopping/product/17023098438501306762?hl=fr&psb=1&q=lit+chambre&oq=lit+chambre&gs_lp=Egtwcm9kdWN0cy1jYyILbGl0IGNoYW1icmVIAFAAWABwAHgAkAEAmAEAoAEAqgEAuAEDyAEAmAIAoAIAmAMAkgcAoAcA&sclient=products-cc&prds=eto:6391718190752224807_0,pid:7773639365930934928,rsk:PC_6113992650547642848&sa=X&ved=0ahUKEwj3poyjo_yJAxUGKvsDHfxCOewQ8gIIrhAoAA.","268,83 €","https://www.google.fr/shopping/product/17023098438501306762?hl=fr&psb=1&q=lit+chambre&oq=lit+chambre&gs_lp=Egtwcm9kdWN0cy1jYyILbGl0IGNoYW1icmVIAFAAWABwAHgAkAEAmAEAoAEAqgEAuAEDyAEAmAIAoAIAmAMAkgcAoAcA&sclient=products-cc&prds=eto:6391718190752224807_0,pid:7773639365930934928,rsk:PC_6113992650547642848&sa=X&ved=0ahUKEwj3poyjo_yJAxUGKvsDHfxCOewQ8gIIrhAoAA",Leroy Merlin,Modern
Lit Adulte rembourré Royal avec rangement et matelas ressorts intégré dans le ...,"Le Lit Adulte rembourré Royal avec rangement et matelas ressorts intégré dans le ... est conçu pour offrir un maximum de confort et de style. Avec une attention aux détails et des matériaux de qualité, il constitue un excellent choix pour une chambre contemporaine. Découvrez-en plus en visitant https://www.google.fr/shopping/product/10299083896190313847?hl=fr&psb=1&q=lit+chambre&oq=lit+chambre&gs_lp=Egtwcm9kdWN0cy1jYyILbGl0IGNoYW1icmVIAFAAWABwAHgAkAEAmAEAoAEAqgEAuAEDyAEAmAIAoAIAmAMAkgcAoAcA&sclient=products-cc&prds=eto:11483288441181166157_0,pid:3217647671783077413,rsk:PC_16728283102195162863&sa=X&ved=0ahUKEwj3poyjo_yJAxUGKvsDHfxCOewQ8gIIvBAoAA.","899,00 €","https://www.google.fr/shopping/product/10299083896190313847?hl=fr&psb=1&q=lit+chambre&oq=lit+chambre&gs_lp=Egtwcm9kdWN0cy1jYyILbGl0IGNoYW1icmVIAFAAWABwAHgAkAEAmAEAoAEAqgEAuAEDyAEAmAIAoAIAmAMAkgcAoAcA&sclient=products-cc&prds=eto:11483288441181166157_0,pid:3217647671783077413,rsk:PC_16728283102195162863&sa=X&ved=0ahUKEwj3poyjo_yJAxUGKvsDHfxCOewQ8gIIvBAoAA",Maisons du Monde Marketplace,Contemporain
"Sweiko lit rembourré doux avec fonction de chargement USB, tête de lit et ...","Le Sweiko lit rembourré doux avec fonction de chargement USB, tête de lit et ... est conçu pour offrir un maximum de confort et de style. Avec une attention aux détails et des matériaux de qualité, il constitue un excellent choix pour une chambre contemporaine. Découvrez-en plus en visitant https://www.google.fr/shopping/product/16491082093797967336?hl=fr&psb=1&q=lit+chambre&oq=lit+chambre&gs_lp=Egtwcm9kdWN0cy1jYyILbGl0IGNoYW1icmVIAFAAWABwAHgAkAEAmAEAoAEAqgEAuAEDyAEAmAIAoAIAmAMAkgcAoAcA&sclient=products-cc&prds=eto:17812194067819372812_0,pid:6411256397310150850&sa=X&ved=0ahUKEwj3poyjo_yJAxUGKvsDHfxCOewQ8gIIyhAoAA.","469,99 €","https://www.google.fr/shopping/product/16491082093797967336?hl=fr&psb=1&q=lit+chambre&oq=lit+chambre&gs_lp=Egtwcm9kdWN0cy1jYyILbGl0IGNoYW1icmVIAFAAWABwAHgAkAEAmAEAoAEAqgEAuAEDyAEAmAIAoAIAmAMAkgcAoAcA&sclient=products-cc&prds=eto:17812194067819372812_0,pid:6411256397310150850&sa=X&ved=0ahUKEwj3poyjo_yJAxUGKvsDHfxCOewQ8gIIyhAoAA",Cdiscount Marketplace,Contemporain
Lit coffre avec chevets 160 x 200 cm - Avec LEDs - Coloris : Naturel et noir - ARIADA,"Le Lit coffre avec chevets 160 x 200 cm - Avec LEDs - Coloris : Naturel et noir - ARIADA est une solution idéale pour une chambre moderne. Avec son coffre de rangement spacieux et son design raffiné, il allie fonctionnalité et élégance. Sa finition haut de gamme et sa construction robuste garantissent des nuits reposantes. Explorez ce lit parfait pour maximiser l'espace et ajouter une touche sophistiquée. Plus d'informations sur https://www.google.fr/url?url=https://www.vente-unique.com/c/lit-avec-coffre%3Fpid%3D1560739%26srsltid%3DAfmBOoqj4daRSuHo6hYujGRCsIkkDIgiAHw2f-kXt6G_CZsr-quwvewjEjc&rct=j&q=&esrc=s&opi=95576897&sa=U&ved=0ahUKEwj3poyjo_yJAxUGKvsDHfxCOewQ1SkI1xAoAA&usg=AOvVaw0O_0WqOUN1BldQYpe3NoEH.","759,99 €",https://www.google.fr/url?url=https://www.vente-unique.com/c/lit-avec-coffre%3Fpid%3D1560739%26srsltid%3DAfmBOoqj4daRSuHo6hYujGRCsIkkDIgiAHw2f-kXt6G_CZsr-quwvewjEjc&rct=j&q=&esrc=s&opi=95576897&sa=U&ved=0ahUKEwj3poyjo_yJAxUGKvsDHfxCOewQ1SkI1xAoAA&usg=AOvVaw0O_0WqOUN1BldQYpe3NoEH,Vente-unique.com,Modern
"KOMHTOM Lit en Bois Massif Lit rembourré avec Rangement, lit Double avec tête de ...","Le KOMHTOM Lit en Bois Massif Lit rembourré avec Rangement, lit Double avec tête de ... est conçu pour offrir un maximum de confort et de style. Avec une attention aux détails et des matériaux de qualité, il constitue un excellent choix pour une chambre contemporaine. Découvrez-en plus en visitant https://www.google.fr/url?url=https://www.amazon.fr/KOMHTOM-rembourr%25C3%25A9-Rangement-Adolescents-140x200cm/dp/B0D6YY1LQJ%3Fsource%3Dps-sl-shoppingads-lpcontext%26ref_%3Dfplfs%26psc%3D1%26smid%3DA1JVI5F4Q02OIQ&rct=j&q=&esrc=s&opi=95576897&sa=U&ved=0ahUKEwj3poyjo_yJAxUGKvsDHfxCOewQ1SkI4xAoAA&usg=AOvVaw3HdPcvQNIl4_ZeAygZMgr8.","339,11 €",https://www.google.fr/url?url=https://www.amazon.fr/KOMHTOM-rembourr%25C3%25A9-Rangement-Adolescents-140x200cm/dp/B0D6YY1LQJ%3Fsource%3Dps-sl-shoppingads-lpcontext%26ref_%3Dfplfs%26psc%3D1%26smid%3DA1JVI5F4Q02OIQ&rct=j&q=&esrc=s&opi=95576897&sa=U&ved=0ahUKEwj3poyjo_yJAxUGKvsDHfxCOewQ1SkI4xAoAA&usg=AOvVaw3HdPcvQNIl4_ZeAygZMgr8,Amazon.fr - Seller,Contemporain
Lit en bois moderne avec bibliothèque intégrée et tête de lit pour chambre - Très ...,"Le Lit en bois moderne avec bibliothèque intégrée et tête de lit pour chambre - Très ... est conçu pour offrir un maximum de confort et de style. Avec une attention aux détails et des matériaux de qualité, il constitue un excellent choix pour une chambre contemporaine. Découvrez-en plus en visitant https://www.google.fr/url?url=https://www.litfad.com/fr/modern-wood-bed-bookcase-included-bed-frame-with-headboard-for-bedroom-s-2901937.html%3Fsrsltid%3DAfmBOoqfi_i_CANdxjel8AAi49iY9kcP-RAXFAtmLJ6_9SI_goSR96NR61s&rct=j&q=&esrc=s&opi=95576897&sa=U&ved=0ahUKEwj3poyjo_yJAxUGKvsDHfxCOewQ1SkI7xAoAA&usg=AOvVaw2WhZWf_QF_ZxvN-xqqt8vv.","1 883,52 €",https://www.google.fr/url?url=https://www.litfad.com/fr/modern-wood-bed-bookcase-included-bed-frame-with-headboard-for-bedroom-s-2901937.html%3Fsrsltid%3DAfmBOoqfi_i_CANdxjel8AAi49iY9kcP-RAXFAtmLJ6_9SI_goSR96NR61s&rct=j&q=&esrc=s&opi=95576897&sa=U&ved=0ahUKEwj3poyjo_yJAxUGKvsDHfxCOewQ1SkI7xAoAA&usg=AOvVaw2WhZWf_QF_ZxvN-xqqt8vv,Litfad.com,Modern
Swan - lit coffre - 140x200 cm - Sommier inclus - en velours côtelé grosses côtes ...,"Le Swan - lit coffre - 140x200 cm - Sommier inclus - en velours côtelé grosses côtes ... est une solution idéale pour une chambre moderne. Avec son coffre de rangement spacieux et son design raffiné, il allie fonctionnalité et élégance. Sa finition haut de gamme et sa construction robuste garantissent des nuits reposantes. Explorez ce lit parfait pour maximiser l'espace et ajouter une touche sophistiquée. Plus d'informations sur https://www.google.fr/shopping/product/9252526362321034219?hl=fr&psb=1&q=lit+chambre&oq=lit+chambre&gs_lp=Egtwcm9kdWN0cy1jYyILbGl0IGNoYW1icmVIAFAAWABwAHgAkAEAmAEAoAEAqgEAuAEDyAEAmAIAoAIAmAMAkgcAoAcA&sclient=products-cc&prds=eto:4424473742878909786_0,pid:4441219094876514322&sa=X&ved=0ahUKEwj3poyjo_yJAxUGKvsDHfxCOewQ8gII_RAoAA.","749,00 €","https://www.google.fr/shopping/product/9252526362321034219?hl=fr&psb=1&q=lit+chambre&oq=lit+chambre&gs_lp=Egtwcm9kdWN0cy1jYyILbGl0IGNoYW1icmVIAFAAWABwAHgAkAEAmAEAoAEAqgEAuAEDyAEAmAIAoAIAmAMAkgcAoAcA&sclient=products-cc&prds=eto:4424473742878909786_0,pid:4441219094876514322&sa=X&ved=0ahUKEwj3poyjo_yJAxUGKvsDHfxCOewQ8gII_RAoAA",Best Mobilier,Modern
Zara Home structure lit en bois Beige clair,"Le Zara Home structure lit en bois Beige clair est conçu pour offrir un maximum de confort et de style. Avec une attention aux détails et des matériaux de qualité, il constitue un excellent choix pour une chambre contemporaine. Découvrez-en plus en visitant https://www.google.fr/shopping/product/3165669165126326015?hl=fr&psb=1&q=lit+chambre&oq=lit+chambre&gs_lp=Egtwcm9kdWN0cy1jYyILbGl0IGNoYW1icmVIAFAAWABwAHgAkAEAmAEAoAEAqgEAuAEDyAEAmAIAoAIAmAMAkgcAoAcA&sclient=products-cc&prds=eto:631471626671861819_0,pid:14470829293888336590&sa=X&ved=0ahUKEwj3poyjo_yJAxUGKvsDHfxCOewQ8gIIihEoAA.","529,00 €","https://www.google.fr/shopping/product/3165669165126326015?hl=fr&psb=1&q=lit+chambre&oq=lit+chambre&gs_lp=Egtwcm9kdWN0cy1jYyILbGl0IGNoYW1icmVIAFAAWABwAHgAkAEAmAEAoAEAqgEAuAEDyAEAmAIAoAIAmAMAkgcAoAcA&sclient=products-cc&prds=eto:631471626671861819_0,pid:14470829293888336590&sa=X&ved=0ahUKEwj3poyjo_yJAxUGKvsDHfxCOewQ8gIIihEoAA",Zara Home FR,Contemporain
"Vente-unique lit 140 x 190/200 cm avec rangements - coloris , Naturel + Sommier + ...","Le Vente-unique lit 140 x 190/200 cm avec rangements - coloris , Naturel + Sommier + ... est conçu pour offrir un maximum de confort et de style. Avec une attention aux détails et des matériaux de qualité, il constitue un excellent choix pour une chambre contemporaine. Découvrez-en plus en visitant https://www.google.fr/shopping/product/11956580563463492716?hl=fr&psb=1&q=lit+chambre&oq=lit+chambre&gs_lp=Egtwcm9kdWN0cy1jYyILbGl0IGNoYW1icmVIAFAAWABwAHgAkAEAmAEAoAEAqgEAuAEDyAEAmAIAoAIAmAMAkgcAoAcA&sclient=products-cc&prds=eto:8074833259831658038_0,pid:11281430441557319680,rsk:PC_1940857195912938059&sa=X&ved=0ahUKEwj3poyjo_yJAxUGKvsDHfxCOewQ8gIIlhEoAA.","626,99 €","https://www.google.fr/shopping/product/11956580563463492716?hl=fr&psb=1&q=lit+chambre&oq=lit+chambre&gs_lp=Egtwcm9kdWN0cy1jYyILbGl0IGNoYW1icmVIAFAAWABwAHgAkAEAmAEAoAEAqgEAuAEDyAEAmAIAoAIAmAMAkgcAoAcA&sclient=products-cc&prds=eto:8074833259831658038_0,pid:11281430441557319680,rsk:PC_1940857195912938059&sa=X&ved=0ahUKEwj3poyjo_yJAxUGKvsDHfxCOewQ8gIIlhEoAA",Fnac,Contemporain
Lit avec tiroirs lit rembourré en bois 90 x 200 cm avec éclairage LED et 2 ...,"Le Lit avec tiroirs lit rembourré en bois 90 x 200 cm avec éclairage LED et 2 ... est conçu pour offrir un maximum de confort et de style. Avec une attention aux détails et des matériaux de qualité, il constitue un excellent choix pour une chambre contemporaine. Découvrez-en plus en visitant https://www.google.fr/shopping/product/3505214439788888128?hl=fr&psb=1&q=lit+chambre&oq=lit+chambre&gs_lp=Egtwcm9kdWN0cy1jYyILbGl0IGNoYW1icmVIAFAAWABwAHgAkAEAmAEAoAEAqgEAuAEDyAEAmAIAoAIAmAMAkgcAoAcA&sclient=products-cc&prds=eto:8619229490951929613_0,pid:2198421291910302671&sa=X&ved=0ahUKEwj3poyjo_yJAxUGKvsDHfxCOewQ8gIIpBEoAA.","465,99 €","https://www.google.fr/shopping/product/3505214439788888128?hl=fr&psb=1&q=lit+chambre&oq=lit+chambre&gs_lp=Egtwcm9kdWN0cy1jYyILbGl0IGNoYW1icmVIAFAAWABwAHgAkAEAmAEAoAEAqgEAuAEDyAEAmAIAoAIAmAMAkgcAoAcA&sclient=products-cc&prds=eto:8619229490951929613_0,pid:2198421291910302671&sa=X&ved=0ahUKEwj3poyjo_yJAxUGKvsDHfxCOewQ8gIIpBEoAA",ManoMano.fr,Modern
Camif Lit avec tête de lit et options rangements chêne massif Charly Beige,"Le Camif Lit avec tête de lit et options rangements chêne massif Charly Beige est conçu pour offrir un maximum de confort et de style. Avec une attention aux détails et des matériaux de qualité, il constitue un excellent choix pour une chambre contemporaine. Découvrez-en plus en visitant https://www.google.fr/url?url=https://www.laredoute.fr/ppdp/prod-601574655.aspx%3Fdim1%3D1000%26dim2%3D1000%26docid%3D00000000000001%26srsltid%3DAfmBOop8GwSPfFmd-W1H1glUfbq3p_iomPLV38TsZnEqA2CRMhkVL7VEZBI&rct=j&q=&esrc=s&opi=95576897&sa=U&ved=0ahUKEwj3poyjo_yJAxUGKvsDHfxCOewQ1SkIsREoAA&usg=AOvVaw3AU8QxxaGpbHH7BfeGRlvi.","999,00 €",https://www.google.fr/url?url=https://www.laredoute.fr/ppdp/prod-601574655.aspx%3Fdim1%3D1000%26dim2%3D1000%26docid%3D00000000000001%26srsltid%3DAfmBOop8GwSPfFmd-W1H1glUfbq3p_iomPLV38TsZnEqA2CRMhkVL7VEZBI&rct=j&q=&esrc=s&opi=95576897&sa=U&ved=0ahUKEwj3poyjo_yJAxUGKvsDHfxCOewQ1SkIsREoAA&usg=AOvVaw3AU8QxxaGpbHH7BfeGRlvi,La Redoute,Contemporain
"Lit extensible 90x190/200 cm avec étagère, tiroir Décor chêne - Alice","Le Lit extensible 90x190/200 cm avec étagère, tiroir Décor chêne - Alice est conçu pour offrir un maximum de confort et de style. Avec une attention aux détails et des matériaux de qualité, il constitue un excellent choix pour une chambre contemporaine. Découvrez-en plus en visitant https://www.google.fr/shopping/product/2304991856150314738?hl=fr&psb=1&q=lit+chambre&oq=lit+chambre&gs_lp=Egtwcm9kdWN0cy1jYyILbGl0IGNoYW1icmVIAFAAWABwAHgAkAEAmAEAoAEAqgEAuAEDyAEAmAIAoAIAmAMAkgcAoAcA&sclient=products-cc&prds=eto:8247231797132010468_0,pid:7588952371368271757&sa=X&ved=0ahUKEwj3poyjo_yJAxUGKvsDHfxCOewQ8gIIvhEoAA.","269,00 €","https://www.google.fr/shopping/product/2304991856150314738?hl=fr&psb=1&q=lit+chambre&oq=lit+chambre&gs_lp=Egtwcm9kdWN0cy1jYyILbGl0IGNoYW1icmVIAFAAWABwAHgAkAEAmAEAoAEAqgEAuAEDyAEAmAIAoAIAmAMAkgcAoAcA&sclient=products-cc&prds=eto:8247231797132010468_0,pid:7588952371368271757&sa=X&ved=0ahUKEwj3poyjo_yJAxUGKvsDHfxCOewQ8gIIvhEoAA",Maisonetstyles.com,Contemporain
Lit gigogne ado avec matelas Nature bois Naturel 80x200 cm/Opt:2 couchages,"Le Lit gigogne ado avec matelas Nature bois Naturel 80x200 cm/Opt:2 couchages est l'incarnation du confort et de la praticité. Doté d'un lit gigogne intégré et de tiroirs spacieux, il optimise votre espace tout en offrant un style moderne et élégant. Fabriqué avec des matériaux de haute qualité, il garantit robustesse et longévité. Idéal pour accueillir des invités ou organiser votre chambre efficacement. Pour en savoir plus, visitez https://www.google.fr/shopping/product/16282939391783826643?hl=fr&psb=1&q=lit+chambre&oq=lit+chambre&gs_lp=Egtwcm9kdWN0cy1jYyILbGl0IGNoYW1icmVIAFAAWABwAHgAkAEAmAEAoAEAqgEAuAEDyAEAmAIAoAIAmAMAkgcAoAcA&sclient=products-cc&prds=eto:17457375124977405378_0,pid:6723635061095327451,rsk:CID_16282939391783826643&sa=X&ved=0ahUKEwj3poyjo_yJAxUGKvsDHfxCOewQ8gIIyhEoAA.","771,20 €","https://www.google.fr/shopping/product/16282939391783826643?hl=fr&psb=1&q=lit+chambre&oq=lit+chambre&gs_lp=Egtwcm9kdWN0cy1jYyILbGl0IGNoYW1icmVIAFAAWABwAHgAkAEAmAEAoAEAqgEAuAEDyAEAmAIAoAIAmAMAkgcAoAcA&sclient=products-cc&prds=eto:17457375124977405378_0,pid:6723635061095327451,rsk:CID_16282939391783826643&sa=X&ved=0ahUKEwj3poyjo_yJAxUGKvsDHfxCOewQ8gIIyhEoAA",Machambredenfant.com,Modern
Lit City 140x190 + tête de lit chevet + 1 tiroir / chêne blanchi,"Le Lit City 140x190 + tête de lit chevet + 1 tiroir / chêne blanchi est conçu pour offrir un maximum de confort et de style. Avec une attention aux détails et des matériaux de qualité, il constitue un excellent choix pour une chambre contemporaine. Découvrez-en plus en visitant https://www.google.fr/shopping/product/13292562710368487292?hl=fr&psb=1&q=lit+chambre&oq=lit+chambre&gs_lp=Egtwcm9kdWN0cy1jYyILbGl0IGNoYW1icmVIAFAAWABwAHgAkAEAmAEAoAEAqgEAuAEDyAEAmAIAoAIAmAMAkgcAoAcA&sclient=products-cc&prds=eto:1088084890621599672_0,pid:16090679191155250029,rsk:PC_12193260094953089403&sa=X&ved=0ahUKEwj3poyjo_yJAxUGKvsDHfxCOewQ8gII1xEoAA.","219,90 €","https://www.google.fr/shopping/product/13292562710368487292?hl=fr&psb=1&q=lit+chambre&oq=lit+chambre&gs_lp=Egtwcm9kdWN0cy1jYyILbGl0IGNoYW1icmVIAFAAWABwAHgAkAEAmAEAoAEAqgEAuAEDyAEAmAIAoAIAmAMAkgcAoAcA&sclient=products-cc&prds=eto:1088084890621599672_0,pid:16090679191155250029,rsk:PC_12193260094953089403&sa=X&ved=0ahUKEwj3poyjo_yJAxUGKvsDHfxCOewQ8gII1xEoAA",BUT Marketplace,Contemporain
"Lit 160x200 cm avec 4 tiroirs, lit Adulte 160x200 cm avec Sommier à lattes, lit ...","Le Lit 160x200 cm avec 4 tiroirs, lit Adulte 160x200 cm avec Sommier à lattes, lit ... est conçu pour offrir un maximum de confort et de style. Avec une attention aux détails et des matériaux de qualité, il constitue un excellent choix pour une chambre contemporaine. Découvrez-en plus en visitant https://www.google.fr/shopping/product/11943431575885583394?hl=fr&psb=1&q=lit+chambre&oq=lit+chambre&gs_lp=Egtwcm9kdWN0cy1jYyILbGl0IGNoYW1icmVIAFAAWABwAHgAkAEAmAEAoAEAqgEAuAEDyAEAmAIAoAIAmAMAkgcAoAcA&sclient=products-cc&prds=eto:1975804029133075365_0,pid:9925282940528839428&sa=X&ved=0ahUKEwj3poyjo_yJAxUGKvsDHfxCOewQ8gII5REoAA.","279,99 €","https://www.google.fr/shopping/product/11943431575885583394?hl=fr&psb=1&q=lit+chambre&oq=lit+chambre&gs_lp=Egtwcm9kdWN0cy1jYyILbGl0IGNoYW1icmVIAFAAWABwAHgAkAEAmAEAoAEAqgEAuAEDyAEAmAIAoAIAmAMAkgcAoAcA&sclient=products-cc&prds=eto:1975804029133075365_0,pid:9925282940528839428&sa=X&ved=0ahUKEwj3poyjo_yJAxUGKvsDHfxCOewQ8gII5REoAA",Conforama,Contemporain
Lit Malo 140 x 200 cm,"Le Lit Malo 140 x 200 cm est conçu pour offrir un maximum de confort et de style. Avec une attention aux détails et des matériaux de qualité, il constitue un excellent choix pour une chambre contemporaine. Découvrez-en plus en visitant https://www.google.fr/url?url=https://www.lotusea.fr/lit-bois-massif/4345-21011-lit-hetre-massif-malo.html%23/taille_de_couchage-140_x_200_cm&rct=j&q=&esrc=s&opi=95576897&sa=U&ved=0ahUKEwj3poyjo_yJAxUGKvsDHfxCOewQ1SkI9BEoAA&usg=AOvVaw2Ti09YSnKOSSrEcJhG7wgg.","549,00 €",https://www.google.fr/url?url=https://www.lotusea.fr/lit-bois-massif/4345-21011-lit-hetre-massif-malo.html%23/taille_de_couchage-140_x_200_cm&rct=j&q=&esrc=s&opi=95576897&sa=U&ved=0ahUKEwj3poyjo_yJAxUGKvsDHfxCOewQ1SkI9BEoAA&usg=AOvVaw2Ti09YSnKOSSrEcJhG7wgg,Lotuséa,Contemporain
Lit avec chevets 160 x 200 cm - Avec LEDs - Coloris : Naturel et blanc + Sommier ...,"Le Lit avec chevets 160 x 200 cm - Avec LEDs - Coloris : Naturel et blanc + Sommier ... est conçu pour offrir un maximum de confort et de style. Avec une attention aux détails et des matériaux de qualité, il constitue un excellent choix pour une chambre contemporaine. Découvrez-en plus en visitant https://www.google.fr/url?url=https://www.vente-unique.com/c/cadre-de-lit%3Fpid%3D1804809%26srsltid%3DAfmBOooVeU5U-QypjbPjYUbb8skS_MViiljQK3yKSdVUt_QP1ZC0-kBc-Oc&rct=j&q=&esrc=s&opi=95576897&sa=U&ved=0ahUKEwj3poyjo_yJAxUGKvsDHfxCOewQ1SkIgBIoAA&usg=AOvVaw28jwXX9J_KLY-8gUwetC9y.","829,99 €",https://www.google.fr/url?url=https://www.vente-unique.com/c/cadre-de-lit%3Fpid%3D1804809%26srsltid%3DAfmBOooVeU5U-QypjbPjYUbb8skS_MViiljQK3yKSdVUt_QP1ZC0-kBc-Oc&rct=j&q=&esrc=s&opi=95576897&sa=U&ved=0ahUKEwj3poyjo_yJAxUGKvsDHfxCOewQ1SkIgBIoAA&usg=AOvVaw28jwXX9J_KLY-8gUwetC9y,Vente-unique.com,Modern
"Odyssee Lit adulte 140x200 cm Avec coffre relevable Décor chêne et noir L 166,2 x ...","Le Odyssee Lit adulte 140x200 cm Avec coffre relevable Décor chêne et noir L 166,2 x ... est une solution idéale pour une chambre moderne. Avec son coffre de rangement spacieux et son design raffiné, il allie fonctionnalité et élégance. Sa finition haut de gamme et sa construction robuste garantissent des nuits reposantes. Explorez ce lit parfait pour maximiser l'espace et ajouter une touche sophistiquée. Plus d'informations sur https://www.google.fr/url?url=https://www.cdiscount.com/maison/meubles-mobilier/odyssee-lit-adulte-140x200-cm-avec-coffre-rele/f-117601503-1540lico.html&rct=j&q=&esrc=s&opi=95576897&sa=U&ved=0ahUKEwj3poyjo_yJAxUGKvsDHfxCOewQ1SkIjRIoAA&usg=AOvVaw0iXKUuZkrGzhbYV0kA79WG.","499,99 €",https://www.google.fr/url?url=https://www.cdiscount.com/maison/meubles-mobilier/odyssee-lit-adulte-140x200-cm-avec-coffre-rele/f-117601503-1540lico.html&rct=j&q=&esrc=s&opi=95576897&sa=U&ved=0ahUKEwj3poyjo_yJAxUGKvsDHfxCOewQ1SkIjRIoAA&usg=AOvVaw0iXKUuZkrGzhbYV0kA79WG,cdiscount.com,Modern
Lit Coffre Carré Couvercle Lisse 140x200 (Caisson Divisé) Inclus Système de ...,"Le Lit Coffre Carré Couvercle Lisse 140x200 (Caisson Divisé) Inclus Système de ... est une solution idéale pour une chambre moderne. Avec son coffre de rangement spacieux et son design raffiné, il allie fonctionnalité et élégance. Sa finition haut de gamme et sa construction robuste garantissent des nuits reposantes. Explorez ce lit parfait pour maximiser l'espace et ajouter une touche sophistiquée. Plus d'informations sur https://www.google.fr/url?url=https://www.maxcolchon.com/fr/lits-coffres-tapisses-c-63/lit-coffre-carre-couvercle-lisse-p-383%3Fm%3D1958%26mnt%3D1346%26p%3D1192&rct=j&q=&esrc=s&opi=95576897&sa=U&ved=0ahUKEwj3poyjo_yJAxUGKvsDHfxCOewQ1SkInhIoAA&usg=AOvVaw1wJPm2eAoj0wcKCC2zv0E3.","789,69 €",https://www.google.fr/url?url=https://www.maxcolchon.com/fr/lits-coffres-tapisses-c-63/lit-coffre-carre-couvercle-lisse-p-383%3Fm%3D1958%26mnt%3D1346%26p%3D1192&rct=j&q=&esrc=s&opi=95576897&sa=U&ved=0ahUKEwj3poyjo_yJAxUGKvsDHfxCOewQ1SkInhIoAA&usg=AOvVaw1wJPm2eAoj0wcKCC2zv0E3,Maxcolchon FR,Modern
"EMPORIUS lit avec rangement 140x200cm Como, lit capitonné, lit Adulte - mousse ...","Le EMPORIUS lit avec rangement 140x200cm Como, lit capitonné, lit Adulte - mousse ... est conçu pour offrir un maximum de confort et de style. Avec une attention aux détails et des matériaux de qualité, il constitue un excellent choix pour une chambre contemporaine. Découvrez-en plus en visitant https://www.google.fr/shopping/product/6863773525256155853?hl=fr&psb=1&q=lit+chambre&oq=lit+chambre&gs_lp=Egtwcm9kdWN0cy1jYyILbGl0IGNoYW1icmVIAFAAWABwAHgAkAEAmAEAoAEAqgEAuAEDyAEAmAIAoAIAmAMAkgcAoAcA&sclient=products-cc&prds=eto:8893248342082504333_0,pid:5210342004047999620&sa=X&ved=0ahUKEwj3poyjo_yJAxUGKvsDHfxCOewQ8gIIrxIoAA.","855,00 €","https://www.google.fr/shopping/product/6863773525256155853?hl=fr&psb=1&q=lit+chambre&oq=lit+chambre&gs_lp=Egtwcm9kdWN0cy1jYyILbGl0IGNoYW1icmVIAFAAWABwAHgAkAEAmAEAoAEAqgEAuAEDyAEAmAIAoAIAmAMAkgcAoAcA&sclient=products-cc&prds=eto:8893248342082504333_0,pid:5210342004047999620&sa=X&ved=0ahUKEwj3poyjo_yJAxUGKvsDHfxCOewQ8gIIrxIoAA",ManoMano.fr,Contemporain
Lit en bois moderne avec bibliothèque intégrée et tête de lit standard pour ...,"Le Lit en bois moderne avec bibliothèque intégrée et tête de lit standard pour ... est conçu pour offrir un maximum de confort et de style. Avec une attention aux détails et des matériaux de qualité, il constitue un excellent choix pour une chambre contemporaine. Découvrez-en plus en visitant https://www.google.fr/url?url=https://www.litfad.com/fr/modern-wood-bed-bookcase-included-standard-bed-with-headboard-for-bedroom-s-2883321.html%3Fsrsltid%3DAfmBOoq5fSNUr_Ggz804V0E7T0A9vbwt9P0R6YUlSQlw9yFw4kuRZzsBzKo&rct=j&q=&esrc=s&opi=95576897&sa=U&ved=0ahUKEwj3poyjo_yJAxUGKvsDHfxCOewQ1SkIuxIoAA&usg=AOvVaw2DQybSF2zqOYNzcJTQCdlH.","1 968,71 €",https://www.google.fr/url?url=https://www.litfad.com/fr/modern-wood-bed-bookcase-included-standard-bed-with-headboard-for-bedroom-s-2883321.html%3Fsrsltid%3DAfmBOoq5fSNUr_Ggz804V0E7T0A9vbwt9P0R6YUlSQlw9yFw4kuRZzsBzKo&rct=j&q=&esrc=s&opi=95576897&sa=U&ved=0ahUKEwj3poyjo_yJAxUGKvsDHfxCOewQ1SkIuxIoAA&usg=AOvVaw2DQybSF2zqOYNzcJTQCdlH,Litfad.com,Modern
"Lit rembourré 90 x 200 cm lit avec Sommier à lattes, dossier et deux tiroirs ...","Le Lit rembourré 90 x 200 cm lit avec Sommier à lattes, dossier et deux tiroirs ... est conçu pour offrir un maximum de confort et de style. Avec une attention aux détails et des matériaux de qualité, il constitue un excellent choix pour une chambre contemporaine. Découvrez-en plus en visitant https://www.google.fr/shopping/product/10473497187614950641?hl=fr&psb=1&q=lit+chambre&oq=lit+chambre&gs_lp=Egtwcm9kdWN0cy1jYyILbGl0IGNoYW1icmVIAFAAWABwAHgAkAEAmAEAoAEAqgEAuAEDyAEAmAIAoAIAmAMAkgcAoAcA&sclient=products-cc&prds=eto:17296627191362890342_0,pid:9226220004087853248&sa=X&ved=0ahUKEwj3poyjo_yJAxUGKvsDHfxCOewQ8gIIxxIoAA.","186,04 €","https://www.google.fr/shopping/product/10473497187614950641?hl=fr&psb=1&q=lit+chambre&oq=lit+chambre&gs_lp=Egtwcm9kdWN0cy1jYyILbGl0IGNoYW1icmVIAFAAWABwAHgAkAEAmAEAoAEAqgEAuAEDyAEAmAIAoAIAmAMAkgcAoAcA&sclient=products-cc&prds=eto:17296627191362890342_0,pid:9226220004087853248&sa=X&ved=0ahUKEwj3poyjo_yJAxUGKvsDHfxCOewQ8gIIxxIoAA",Leroy Merlin,Contemporain
Lit Avec Rangement 135x190cm,"Le Lit Avec Rangement 135x190cm est conçu pour offrir un maximum de confort et de style. Avec une attention aux détails et des matériaux de qualité, il constitue un excellent choix pour une chambre contemporaine. Découvrez-en plus en visitant https://www.google.fr/url?url=https://remarstore.fr/boutique/Lit-Avec-Rangement-135x190cm-p691117787%3Fsrsltid%3DAfmBOoroD8FadRipkQXL2ojjfk8l9eoFoznvQ0OtC5R77mkrk_ol8R0dN64&rct=j&q=&esrc=s&opi=95576897&sa=U&ved=0ahUKEwj3poyjo_yJAxUGKvsDHfxCOewQ1SkI1BIoAA&usg=AOvVaw2Suv3vsG84VDDcOhJfkv8T.","249,99 €",https://www.google.fr/url?url=https://remarstore.fr/boutique/Lit-Avec-Rangement-135x190cm-p691117787%3Fsrsltid%3DAfmBOoroD8FadRipkQXL2ojjfk8l9eoFoznvQ0OtC5R77mkrk_ol8R0dN64&rct=j&q=&esrc=s&opi=95576897&sa=U&ved=0ahUKEwj3poyjo_yJAxUGKvsDHfxCOewQ1SkI1BIoAA&usg=AOvVaw2Suv3vsG84VDDcOhJfkv8T,Remar Store - Remar Ile de France,Contemporain
Lit Adulte rembourré avec 4 tiroirs - 140x200 cm - avec LED et Port de charge USB ...,"Le Lit Adulte rembourré avec 4 tiroirs - 140x200 cm - avec LED et Port de charge USB ... est conçu pour offrir un maximum de confort et de style. Avec une attention aux détails et des matériaux de qualité, il constitue un excellent choix pour une chambre contemporaine. Découvrez-en plus en visitant https://www.google.fr/shopping/product/3151716506796198611?hl=fr&psb=1&q=lit+chambre&oq=lit+chambre&gs_lp=Egtwcm9kdWN0cy1jYyILbGl0IGNoYW1icmVIAFAAWABwAHgAkAEAmAEAoAEAqgEAuAEDyAEAmAIAoAIAmAMAkgcAoAcA&sclient=products-cc&prds=eto:6596083607326612128_0,pid:10626247166931737809&sa=X&ved=0ahUKEwj3poyjo_yJAxUGKvsDHfxCOewQ8gII4BIoAA.","395,99 €","https://www.google.fr/shopping/product/3151716506796198611?hl=fr&psb=1&q=lit+chambre&oq=lit+chambre&gs_lp=Egtwcm9kdWN0cy1jYyILbGl0IGNoYW1icmVIAFAAWABwAHgAkAEAmAEAoAEAqgEAuAEDyAEAmAIAoAIAmAMAkgcAoAcA&sclient=products-cc&prds=eto:6596083607326612128_0,pid:10626247166931737809&sa=X&ved=0ahUKEwj3poyjo_yJAxUGKvsDHfxCOewQ8gII4BIoAA",Bebeboutik,Modern
"IKEA - SLÄKT Cadre lit AV rangt+sommier à lattes, Blanc, 90x200 cm","Le IKEA - SLÄKT Cadre lit AV rangt+sommier à lattes, Blanc, 90x200 cm est conçu pour offrir un maximum de confort et de style. Avec une attention aux détails et des matériaux de qualité, il constitue un excellent choix pour une chambre contemporaine. Découvrez-en plus en visitant https://www.google.fr/shopping/product/4770283048673107202?hl=fr&psb=1&q=lit+chambre&oq=lit+chambre&gs_lp=Egtwcm9kdWN0cy1jYyILbGl0IGNoYW1icmVIAFAAWABwAHgAkAEAmAEAoAEAqgEAuAEDyAEAmAIAoAIAmAMAkgcAoAcA&sclient=products-cc&prds=eto:15504476010178651504_0,local:1,pid:14914079895945895150,prmr:2,rsk:PC_6614131170240716635&sa=X&ved=0ahUKEwj3poyjo_yJAxUGKvsDHfxCOewQ8gII7xIoAA.","359,00 €","https://www.google.fr/shopping/product/4770283048673107202?hl=fr&psb=1&q=lit+chambre&oq=lit+chambre&gs_lp=Egtwcm9kdWN0cy1jYyILbGl0IGNoYW1icmVIAFAAWABwAHgAkAEAmAEAoAEAqgEAuAEDyAEAmAIAoAIAmAMAkgcAoAcA&sclient=products-cc&prds=eto:15504476010178651504_0,local:1,pid:14914079895945895150,prmr:2,rsk:PC_6614131170240716635&sa=X&ved=0ahUKEwj3poyjo_yJAxUGKvsDHfxCOewQ8gII7xIoAA",IKEA,Contemporain
"Lit Adulte 140x200 avec sommier, lit Double avec coffre et tête de lit, Double ...","Le Lit Adulte 140x200 avec sommier, lit Double avec coffre et tête de lit, Double ... est une solution idéale pour une chambre moderne. Avec son coffre de rangement spacieux et son design raffiné, il allie fonctionnalité et élégance. Sa finition haut de gamme et sa construction robuste garantissent des nuits reposantes. Explorez ce lit parfait pour maximiser l'espace et ajouter une touche sophistiquée. Plus d'informations sur https://www.google.fr/shopping/product/12734932133564191756?hl=fr&psb=1&q=lit+chambre&oq=lit+chambre&gs_lp=Egtwcm9kdWN0cy1jYyILbGl0IGNoYW1icmVIAFAAWABwAHgAkAEAmAEAoAEAqgEAuAEDyAEAmAIAoAIAmAMAkgcAoAcA&sclient=products-cc&prds=eto:10745280348731599482_0,pid:17743640829892737446,rsk:PC_712474432169928330&sa=X&ved=0ahUKEwj3poyjo_yJAxUGKvsDHfxCOewQ8gII_RIoAA.","196,99 €","https://www.google.fr/shopping/product/12734932133564191756?hl=fr&psb=1&q=lit+chambre&oq=lit+chambre&gs_lp=Egtwcm9kdWN0cy1jYyILbGl0IGNoYW1icmVIAFAAWABwAHgAkAEAmAEAoAEAqgEAuAEDyAEAmAIAoAIAmAMAkgcAoAcA&sclient=products-cc&prds=eto:10745280348731599482_0,pid:17743640829892737446,rsk:PC_712474432169928330&sa=X&ved=0ahUKEwj3poyjo_yJAxUGKvsDHfxCOewQ8gII_RIoAA",Cdiscount Marketplace,Modern
Lit Adulte Boston 160x200 - Décor Blanc - Fabriqué en France,"Le Lit Adulte Boston 160x200 - Décor Blanc - Fabriqué en France est conçu pour offrir un maximum de confort et de style. Avec une attention aux détails et des matériaux de qualité, il constitue un excellent choix pour une chambre contemporaine. Découvrez-en plus en visitant https://www.google.fr/shopping/product/10524973565131639585?hl=fr&psb=1&q=lit+chambre&oq=lit+chambre&gs_lp=Egtwcm9kdWN0cy1jYyILbGl0IGNoYW1icmVIAFAAWABwAHgAkAEAmAEAoAEAqgEAuAEDyAEAmAIAoAIAmAMAkgcAoAcA&sclient=products-cc&prds=eto:8867684164221528974_0,pid:3604048758826711752,rsk:PC_126564880224299587&sa=X&ved=0ahUKEwj3poyjo_yJAxUGKvsDHfxCOewQ8gIIjBMoAA.","119,00 €","https://www.google.fr/shopping/product/10524973565131639585?hl=fr&psb=1&q=lit+chambre&oq=lit+chambre&gs_lp=Egtwcm9kdWN0cy1jYyILbGl0IGNoYW1icmVIAFAAWABwAHgAkAEAmAEAoAEAqgEAuAEDyAEAmAIAoAIAmAMAkgcAoAcA&sclient=products-cc&prds=eto:8867684164221528974_0,pid:3604048758826711752,rsk:PC_126564880224299587&sa=X&ved=0ahUKEwj3poyjo_yJAxUGKvsDHfxCOewQ8gIIjBMoAA",Auchan.fr,Contemporain
Travis lit coffre avec coussins capitonnés amovibles | divani.store 180 x 200 cm ...,"Le Travis lit coffre avec coussins capitonnés amovibles | divani.store 180 x 200 cm ... est une solution idéale pour une chambre moderne. Avec son coffre de rangement spacieux et son design raffiné, il allie fonctionnalité et élégance. Sa finition haut de gamme et sa construction robuste garantissent des nuits reposantes. Explorez ce lit parfait pour maximiser l'espace et ajouter une touche sophistiquée. Plus d'informations sur https://www.google.fr/url?url=https://fr.divani.store/products/travis-lit-coffre-avec-coussins-capitonnes-amovibles-en-tissu-impermeable-t02%3Fvariant%3D49015636361540%26country%3DFR%26currency%3DEUR%26utm_medium%3Dproduct_sync%26utm_source%3Dgoogle%26utm_content%3Dsag_organic%26utm_campaign%3Dsag_organic&rct=j&q=&esrc=s&opi=95576897&sa=U&ved=0ahUKEwj3poyjo_yJAxUGKvsDHfxCOewQ1SkInhMoAA&usg=AOvVaw1-RrlQNUMiVaNcvIevfCaT.","1 559,00 €",https://www.google.fr/url?url=https://fr.divani.store/products/travis-lit-coffre-avec-coussins-capitonnes-amovibles-en-tissu-impermeable-t02%3Fvariant%3D49015636361540%26country%3DFR%26currency%3DEUR%26utm_medium%3Dproduct_sync%26utm_source%3Dgoogle%26utm_content%3Dsag_organic%26utm_campaign%3Dsag_organic&rct=j&q=&esrc=s&opi=95576897&sa=U&ved=0ahUKEwj3poyjo_yJAxUGKvsDHfxCOewQ1SkInhMoAA&usg=AOvVaw1-RrlQNUMiVaNcvIevfCaT,divani.store France,Modern
alinea lit 2 places en chêne - bois clair 160x200cm - Reno,"Le alinea lit 2 places en chêne - bois clair 160x200cm - Reno est conçu pour offrir un maximum de confort et de style. Avec une attention aux détails et des matériaux de qualité, il constitue un excellent choix pour une chambre contemporaine. Découvrez-en plus en visitant https://www.google.fr/shopping/product/3247220542864232802?hl=fr&psb=1&q=lit+chambre&oq=lit+chambre&gs_lp=Egtwcm9kdWN0cy1jYyILbGl0IGNoYW1icmVIAFAAWABwAHgAkAEAmAEAoAEAqgEAuAEDyAEAmAIAoAIAmAMAkgcAoAcA&sclient=products-cc&prds=eto:3009311127554301358_0,local:1,pid:3290178524325150757,prmr:2,rsk:PC_16210345202108506707&sa=X&ved=0ahUKEwj3poyjo_yJAxUGKvsDHfxCOewQ8gIIrBMoAA.","649,00 €","https://www.google.fr/shopping/product/3247220542864232802?hl=fr&psb=1&q=lit+chambre&oq=lit+chambre&gs_lp=Egtwcm9kdWN0cy1jYyILbGl0IGNoYW1icmVIAFAAWABwAHgAkAEAmAEAoAEAqgEAuAEDyAEAmAIAoAIAmAMAkgcAoAcA&sclient=products-cc&prds=eto:3009311127554301358_0,local:1,pid:3290178524325150757,prmr:2,rsk:PC_16210345202108506707&sa=X&ved=0ahUKEwj3poyjo_yJAxUGKvsDHfxCOewQ8gIIrBMoAA",alinea,Contemporain
Lit Double Savana avec rangements + tête de lit + chevets et Sommier 140 x 190 cm ...,"Le Lit Double Savana avec rangements + tête de lit + chevets et Sommier 140 x 190 cm ... est conçu pour offrir un maximum de confort et de style. Avec une attention aux détails et des matériaux de qualité, il constitue un excellent choix pour une chambre contemporaine. Découvrez-en plus en visitant https://www.google.fr/shopping/product/17719880133670495234?hl=fr&psb=1&q=lit+chambre&oq=lit+chambre&gs_lp=Egtwcm9kdWN0cy1jYyILbGl0IGNoYW1icmVIAFAAWABwAHgAkAEAmAEAoAEAqgEAuAEDyAEAmAIAoAIAmAMAkgcAoAcA&sclient=products-cc&prds=eto:12392443184205524540_0,pid:14351522902095550551&sa=X&ved=0ahUKEwj3poyjo_yJAxUGKvsDHfxCOewQ8gIIuhMoAA.","229,99 €","https://www.google.fr/shopping/product/17719880133670495234?hl=fr&psb=1&q=lit+chambre&oq=lit+chambre&gs_lp=Egtwcm9kdWN0cy1jYyILbGl0IGNoYW1icmVIAFAAWABwAHgAkAEAmAEAoAEAqgEAuAEDyAEAmAIAoAIAmAMAkgcAoAcA&sclient=products-cc&prds=eto:12392443184205524540_0,pid:14351522902095550551&sa=X&ved=0ahUKEwj3poyjo_yJAxUGKvsDHfxCOewQ8gIIuhMoAA",IDMarket.com,Contemporain
"Lit 180x200 cm avec LED et 4 tiroirs, lit Adulte 180x200 cm avec Sommier à lattes ...","Le Lit 180x200 cm avec LED et 4 tiroirs, lit Adulte 180x200 cm avec Sommier à lattes ... est conçu pour offrir un maximum de confort et de style. Avec une attention aux détails et des matériaux de qualité, il constitue un excellent choix pour une chambre contemporaine. Découvrez-en plus en visitant https://www.google.fr/shopping/product/9262561320517558060?hl=fr&psb=1&q=lit+chambre&oq=lit+chambre&gs_lp=Egtwcm9kdWN0cy1jYyILbGl0IGNoYW1icmVIAFAAWABwAHgAkAEAmAEAoAEAqgEAuAEDyAEAmAIAoAIAmAMAkgcAoAcA&sclient=products-cc&prds=eto:694747746520843266_0,pid:1968842362546467906&sa=X&ved=0ahUKEwj3poyjo_yJAxUGKvsDHfxCOewQ8gIIxxMoAA.","359,99 €","https://www.google.fr/shopping/product/9262561320517558060?hl=fr&psb=1&q=lit+chambre&oq=lit+chambre&gs_lp=Egtwcm9kdWN0cy1jYyILbGl0IGNoYW1icmVIAFAAWABwAHgAkAEAmAEAoAEAqgEAuAEDyAEAmAIAoAIAmAMAkgcAoAcA&sclient=products-cc&prds=eto:694747746520843266_0,pid:1968842362546467906&sa=X&ved=0ahUKEwj3poyjo_yJAxUGKvsDHfxCOewQ8gIIxxMoAA",Conforama,Modern
Lit baldaquin Turo 2 140 x 200 cm,"Le Lit baldaquin Turo 2 140 x 200 cm est un choix luxueux pour une chambre à coucher élégante. Avec son design à baldaquin, il ajoute une touche de grandeur et de raffinement à votre espace. Construit avec des matériaux durables, il allie esthétique et confort pour des nuits paisibles. Détails et spécifications disponibles sur https://www.google.fr/url?url=https://www.le-monde-du-lit.fr/lits-baldaquin/4462-8760-lit-bois-massif-turo2.html%23/taille-140_x_200_cm&rct=j&q=&esrc=s&opi=95576897&sa=U&ved=0ahUKEwj3poyjo_yJAxUGKvsDHfxCOewQ1SkI1hMoAA&usg=AOvVaw2X5Q0F0UZTmxltDD4Wo8Pd.","2 158,20 €",https://www.google.fr/url?url=https://www.le-monde-du-lit.fr/lits-baldaquin/4462-8760-lit-bois-massif-turo2.html%23/taille-140_x_200_cm&rct=j&q=&esrc=s&opi=95576897&sa=U&ved=0ahUKEwj3poyjo_yJAxUGKvsDHfxCOewQ1SkI1hMoAA&usg=AOvVaw2X5Q0F0UZTmxltDD4Wo8Pd,Le Monde Du Lit,Baroque
"Lit simple en bois massif avec tiroirs et Sommier à lattes, Bibliothèque ...","Le Lit simple en bois massif avec tiroirs et Sommier à lattes, Bibliothèque ... est conçu pour offrir un maximum de confort et de style. Avec une attention aux détails et des matériaux de qualité, il constitue un excellent choix pour une chambre contemporaine. Découvrez-en plus en visitant https://www.google.fr/shopping/product/5123761004730391669?hl=fr&psb=1&q=lit+chambre&oq=lit+chambre&gs_lp=Egtwcm9kdWN0cy1jYyILbGl0IGNoYW1icmVIAFAAWABwAHgAkAEAmAEAoAEAqgEAuAEDyAEAmAIAoAIAmAMAkgcAoAcA&sclient=products-cc&prds=eto:2555346809938450020_0,pid:6873018524554004855&sa=X&ved=0ahUKEwj3poyjo_yJAxUGKvsDHfxCOewQ8gII4hMoAA.","159,12 €","https://www.google.fr/shopping/product/5123761004730391669?hl=fr&psb=1&q=lit+chambre&oq=lit+chambre&gs_lp=Egtwcm9kdWN0cy1jYyILbGl0IGNoYW1icmVIAFAAWABwAHgAkAEAmAEAoAEAqgEAuAEDyAEAmAIAoAIAmAMAkgcAoAcA&sclient=products-cc&prds=eto:2555346809938450020_0,pid:6873018524554004855&sa=X&ved=0ahUKEwj3poyjo_yJAxUGKvsDHfxCOewQ8gII4hMoAA",Amazon.fr - Seller,Contemporain
Vente-unique lit avec chevets 160 x 200 cm - avec Leds - coloris : Naturel et ...,"Le Vente-unique lit avec chevets 160 x 200 cm - avec Leds - coloris : Naturel et ... est conçu pour offrir un maximum de confort et de style. Avec une attention aux détails et des matériaux de qualité, il constitue un excellent choix pour une chambre contemporaine. Découvrez-en plus en visitant https://www.google.fr/shopping/product/3759663053051137368?hl=fr&psb=1&q=lit+chambre&oq=lit+chambre&gs_lp=Egtwcm9kdWN0cy1jYyILbGl0IGNoYW1icmVIAFAAWABwAHgAkAEAmAEAoAEAqgEAuAEDyAEAmAIAoAIAmAMAkgcAoAcA&sclient=products-cc&prds=eto:11503806160616117909_0,pid:7094693438302114269,rsk:PC_11440830391004964016&sa=X&ved=0ahUKEwj3poyjo_yJAxUGKvsDHfxCOewQ8gII7xMoAA.","828,99 €","https://www.google.fr/shopping/product/3759663053051137368?hl=fr&psb=1&q=lit+chambre&oq=lit+chambre&gs_lp=Egtwcm9kdWN0cy1jYyILbGl0IGNoYW1icmVIAFAAWABwAHgAkAEAmAEAoAEAqgEAuAEDyAEAmAIAoAIAmAMAkgcAoAcA&sclient=products-cc&prds=eto:11503806160616117909_0,pid:7094693438302114269,rsk:PC_11440830391004964016&sa=X&ved=0ahUKEwj3poyjo_yJAxUGKvsDHfxCOewQ8gII7xMoAA",Rue du Commerce Marketplace,Modern
Lit avec chevets 140 x 190 cm - Coloris : Naturel + Matelas - MARVELLOUS,"Le Lit avec chevets 140 x 190 cm - Coloris : Naturel + Matelas - MARVELLOUS est conçu pour offrir un maximum de confort et de style. Avec une attention aux détails et des matériaux de qualité, il constitue un excellent choix pour une chambre contemporaine. Découvrez-en plus en visitant https://www.google.fr/url?url=https://www.vente-unique.com/c/cadre-de-lit%3Fpid%3D791461%26srsltid%3DAfmBOopP1bACt9r-0s3e6sm6kIpBtV-Rg1C0E2thbcR6zr_UIsB0Lzue7ec&rct=j&q=&esrc=s&opi=95576897&sa=U&ved=0ahUKEwj3poyjo_yJAxUGKvsDHfxCOewQ1SkI_xMoAA&usg=AOvVaw3X0G6eLJ4Fz8WTuLvHYc23.","399,99 €",https://www.google.fr/url?url=https://www.vente-unique.com/c/cadre-de-lit%3Fpid%3D791461%26srsltid%3DAfmBOopP1bACt9r-0s3e6sm6kIpBtV-Rg1C0E2thbcR6zr_UIsB0Lzue7ec&rct=j&q=&esrc=s&opi=95576897&sa=U&ved=0ahUKEwj3poyjo_yJAxUGKvsDHfxCOewQ1SkI_xMoAA&usg=AOvVaw3X0G6eLJ4Fz8WTuLvHYc23,Vente-unique.com,Contemporain
Lit Adulte lit Double Ensemble lit avec 2 chevets LED prise USB 140x200 cm lit en ...,"Le Lit Adulte lit Double Ensemble lit avec 2 chevets LED prise USB 140x200 cm lit en ... est conçu pour offrir un maximum de confort et de style. Avec une attention aux détails et des matériaux de qualité, il constitue un excellent choix pour une chambre contemporaine. Découvrez-en plus en visitant https://www.google.fr/shopping/product/14852519535098611018?hl=fr&psb=1&q=lit+chambre&oq=lit+chambre&gs_lp=Egtwcm9kdWN0cy1jYyILbGl0IGNoYW1icmVIAFAAWABwAHgAkAEAmAEAoAEAqgEAuAEDyAEAmAIAoAIAmAMAkgcAoAcA&sclient=products-cc&prds=eto:10902260927486956298_0,pid:11086750415407361836&sa=X&ved=0ahUKEwj3poyjo_yJAxUGKvsDHfxCOewQ8gIIjBQoAA.","316,99 €","https://www.google.fr/shopping/product/14852519535098611018?hl=fr&psb=1&q=lit+chambre&oq=lit+chambre&gs_lp=Egtwcm9kdWN0cy1jYyILbGl0IGNoYW1icmVIAFAAWABwAHgAkAEAmAEAoAEAqgEAuAEDyAEAmAIAoAIAmAMAkgcAoAcA&sclient=products-cc&prds=eto:10902260927486956298_0,pid:11086750415407361836&sa=X&ved=0ahUKEwj3poyjo_yJAxUGKvsDHfxCOewQ8gIIjBQoAA",Leroy Merlin,Modern
"Lit rembourré,lit de rangement hydraulique avec Lampe directionnelle et rechargement","Le Lit rembourré,lit de rangement hydraulique avec Lampe directionnelle et rechargement est conçu pour offrir un maximum de confort et de style. Avec une attention aux détails et des matériaux de qualité, il constitue un excellent choix pour une chambre contemporaine. Découvrez-en plus en visitant https://www.google.fr/shopping/product/1054933973395242559?hl=fr&psb=1&q=lit+chambre&oq=lit+chambre&gs_lp=Egtwcm9kdWN0cy1jYyILbGl0IGNoYW1icmVIAFAAWABwAHgAkAEAmAEAoAEAqgEAuAEDyAEAmAIAoAIAmAMAkgcAoAcA&sclient=products-cc&prds=eto:3247035610448544835_0,pid:15406626690001104675&sa=X&ved=0ahUKEwj3poyjo_yJAxUGKvsDHfxCOewQ8gIImRQoAA.","400,00 €","https://www.google.fr/shopping/product/1054933973395242559?hl=fr&psb=1&q=lit+chambre&oq=lit+chambre&gs_lp=Egtwcm9kdWN0cy1jYyILbGl0IGNoYW1icmVIAFAAWABwAHgAkAEAmAEAoAEAqgEAuAEDyAEAmAIAoAIAmAMAkgcAoAcA&sclient=products-cc&prds=eto:3247035610448544835_0,pid:15406626690001104675&sa=X&ved=0ahUKEwj3poyjo_yJAxUGKvsDHfxCOewQ8gIImRQoAA",AliExpress,Contemporain
"Lit coffre Bois ""Rocket"" avec contour 135x200 Non inclus","Le Lit coffre Bois ""Rocket"" avec contour 135x200 Non inclus est une solution idéale pour une chambre moderne. Avec son coffre de rangement spacieux et son design raffiné, il allie fonctionnalité et élégance. Sa finition haut de gamme et sa construction robuste garantissent des nuits reposantes. Explorez ce lit parfait pour maximiser l'espace et ajouter une touche sophistiquée. Plus d'informations sur https://www.google.fr/url?url=https://www.maxcolchon.com/fr/lits-coffres-bois-c-62/lit-coffre-bois-rocket-avec-contour-p-1610%3Fm%3D26%26mnt%3D1347&rct=j&q=&esrc=s&opi=95576897&sa=U&ved=0ahUKEwj3poyjo_yJAxUGKvsDHfxCOewQ1SkIqhQoAA&usg=AOvVaw2Zsf1c-H9O5AVKY2-FIJns.","577,51 €",https://www.google.fr/url?url=https://www.maxcolchon.com/fr/lits-coffres-bois-c-62/lit-coffre-bois-rocket-avec-contour-p-1610%3Fm%3D26%26mnt%3D1347&rct=j&q=&esrc=s&opi=95576897&sa=U&ved=0ahUKEwj3poyjo_yJAxUGKvsDHfxCOewQ1SkIqhQoAA&usg=AOvVaw2Zsf1c-H9O5AVKY2-FIJns,Maxcolchon FR,Modern
Ensemble lit Double Omaha Sommier inclus 140 x 190 cm hêtre et matelas à Mémoire ...,"Le Ensemble lit Double Omaha Sommier inclus 140 x 190 cm hêtre et matelas à Mémoire ... est conçu pour offrir un maximum de confort et de style. Avec une attention aux détails et des matériaux de qualité, il constitue un excellent choix pour une chambre contemporaine. Découvrez-en plus en visitant https://www.google.fr/shopping/product/3070522475716834729?hl=fr&psb=1&q=lit+chambre&oq=lit+chambre&gs_lp=Egtwcm9kdWN0cy1jYyILbGl0IGNoYW1icmVIAFAAWABwAHgAkAEAmAEAoAEAqgEAuAEDyAEAmAIAoAIAmAMAkgcAoAcA&sclient=products-cc&prds=eto:15812150887077737860_0,pid:15898148530193958062&sa=X&ved=0ahUKEwj3poyjo_yJAxUGKvsDHfxCOewQ8gIItxQoAA.","229,99 €","https://www.google.fr/shopping/product/3070522475716834729?hl=fr&psb=1&q=lit+chambre&oq=lit+chambre&gs_lp=Egtwcm9kdWN0cy1jYyILbGl0IGNoYW1icmVIAFAAWABwAHgAkAEAmAEAoAEAqgEAuAEDyAEAmAIAoAIAmAMAkgcAoAcA&sclient=products-cc&prds=eto:15812150887077737860_0,pid:15898148530193958062&sa=X&ved=0ahUKEwj3poyjo_yJAxUGKvsDHfxCOewQ8gIItxQoAA",Darty,Contemporain
Westwing Collection Lit en bouclette avec rangement Cloud,"Le Westwing Collection Lit en bouclette avec rangement Cloud est conçu pour offrir un maximum de confort et de style. Avec une attention aux détails et des matériaux de qualité, il constitue un excellent choix pour une chambre contemporaine. Découvrez-en plus en visitant https://www.google.fr/shopping/product/7506766240503555317?hl=fr&psb=1&q=lit+chambre&oq=lit+chambre&gs_lp=Egtwcm9kdWN0cy1jYyILbGl0IGNoYW1icmVIAFAAWABwAHgAkAEAmAEAoAEAqgEAuAEDyAEAmAIAoAIAmAMAkgcAoAcA&sclient=products-cc&prds=eto:2961599093545301510_0,pid:14670302924728549166,rsk:PC_12999802384284787809&sa=X&ved=0ahUKEwj3poyjo_yJAxUGKvsDHfxCOewQ8gIIxhQoAA.","679,00 €","https://www.google.fr/shopping/product/7506766240503555317?hl=fr&psb=1&q=lit+chambre&oq=lit+chambre&gs_lp=Egtwcm9kdWN0cy1jYyILbGl0IGNoYW1icmVIAFAAWABwAHgAkAEAmAEAoAEAqgEAuAEDyAEAmAIAoAIAmAMAkgcAoAcA&sclient=products-cc&prds=eto:2961599093545301510_0,pid:14670302924728549166,rsk:PC_12999802384284787809&sa=X&ved=0ahUKEwj3poyjo_yJAxUGKvsDHfxCOewQ8gIIxhQoAA",westwing.fr,Contemporain
ABC Meubles - lit gigogne Malo avec tiroir lit bois Moka 80x190,"Le ABC Meubles - lit gigogne Malo avec tiroir lit bois Moka 80x190 est l'incarnation du confort et de la praticité. Doté d'un lit gigogne intégré et de tiroirs spacieux, il optimise votre espace tout en offrant un style moderne et élégant. Fabriqué avec des matériaux de haute qualité, il garantit robustesse et longévité. Idéal pour accueillir des invités ou organiser votre chambre efficacement. Pour en savoir plus, visitez https://www.google.fr/shopping/product/3599157193816062799?hl=fr&psb=1&q=lit+chambre&oq=lit+chambre&gs_lp=Egtwcm9kdWN0cy1jYyILbGl0IGNoYW1icmVIAFAAWABwAHgAkAEAmAEAoAEAqgEAuAEDyAEAmAIAoAIAmAMAkgcAoAcA&sclient=products-cc&prds=eto:16286245476527636646_0,pid:10140695497412454382,rsk:PC_17530484736305767850&sa=X&ved=0ahUKEwj3poyjo_yJAxUGKvsDHfxCOewQ8gII0xQoAA.","528,00 €","https://www.google.fr/shopping/product/3599157193816062799?hl=fr&psb=1&q=lit+chambre&oq=lit+chambre&gs_lp=Egtwcm9kdWN0cy1jYyILbGl0IGNoYW1icmVIAFAAWABwAHgAkAEAmAEAoAEAqgEAuAEDyAEAmAIAoAIAmAMAkgcAoAcA&sclient=products-cc&prds=eto:16286245476527636646_0,pid:10140695497412454382,rsk:PC_17530484736305767850&sa=X&ved=0ahUKEwj3poyjo_yJAxUGKvsDHfxCOewQ8gII0xQoAA",Abc Meubles,Modern
"Lit rembourré 180200cm, avec dossier extra-long, Lampe de lecture à direction ...","Le Lit rembourré 180200cm, avec dossier extra-long, Lampe de lecture à direction ... est conçu pour offrir un maximum de confort et de style. Avec une attention aux détails et des matériaux de qualité, il constitue un excellent choix pour une chambre contemporaine. Découvrez-en plus en visitant https://www.google.fr/shopping/product/7374750433693588443?hl=fr&psb=1&q=lit+chambre&oq=lit+chambre&gs_lp=Egtwcm9kdWN0cy1jYyILbGl0IGNoYW1icmVIAFAAWABwAHgAkAEAmAEAoAEAqgEAuAEDyAEAmAIAoAIAmAMAkgcAoAcA&sclient=products-cc&prds=eto:18194648681989770351_0,pid:7554681517214314095&sa=X&ved=0ahUKEwj3poyjo_yJAxUGKvsDHfxCOewQ8gII4RQoAA.","402,99 €","https://www.google.fr/shopping/product/7374750433693588443?hl=fr&psb=1&q=lit+chambre&oq=lit+chambre&gs_lp=Egtwcm9kdWN0cy1jYyILbGl0IGNoYW1icmVIAFAAWABwAHgAkAEAmAEAoAEAqgEAuAEDyAEAmAIAoAIAmAMAkgcAoAcA&sclient=products-cc&prds=eto:18194648681989770351_0,pid:7554681517214314095&sa=X&ved=0ahUKEwj3poyjo_yJAxUGKvsDHfxCOewQ8gII4RQoAA",ManoMano.fr,Contemporain
¡Soldes Nuley Lit Coffre en bois - Meubles de chambre à coucher - Wabi Home ...,"Le ¡Soldes Nuley Lit Coffre en bois - Meubles de chambre à coucher - Wabi Home ... est une solution idéale pour une chambre moderne. Avec son coffre de rangement spacieux et son design raffiné, il allie fonctionnalité et élégance. Sa finition haut de gamme et sa construction robuste garantissent des nuits reposantes. Explorez ce lit parfait pour maximiser l'espace et ajouter une touche sophistiquée. Plus d'informations sur https://www.google.fr/url?url=http://wabihome.fr/products/nuley-canape%3Fvariant%3D43711095406819%26country%3DFR%26currency%3DEUR%26utm_medium%3Dproduct_sync%26utm_source%3Dgoogle%26utm_content%3Dsag_organic%26utm_campaign%3Dsag_organic%26srsltid%3DAfmBOop_6A6cRxmF21kfLkIOt5uE3tlTRXC_I3DHdo6c6YcnSxJvd0pDZKg&rct=j&q=&esrc=s&opi=95576897&sa=U&ved=0ahUKEwj3poyjo_yJAxUGKvsDHfxCOewQ1SkI7RQoAA&usg=AOvVaw3cFBr_LXz3ctK164Cb0YoD.","459,00 €",https://www.google.fr/url?url=http://wabihome.fr/products/nuley-canape%3Fvariant%3D43711095406819%26country%3DFR%26currency%3DEUR%26utm_medium%3Dproduct_sync%26utm_source%3Dgoogle%26utm_content%3Dsag_organic%26utm_campaign%3Dsag_organic%26srsltid%3DAfmBOop_6A6cRxmF21kfLkIOt5uE3tlTRXC_I3DHdo6c6YcnSxJvd0pDZKg&rct=j&q=&esrc=s&opi=95576897&sa=U&ved=0ahUKEwj3poyjo_yJAxUGKvsDHfxCOewQ1SkI7RQoAA&usg=AOvVaw3cFBr_LXz3ctK164Cb0YoD,Wabi Home FRC,Modern
Modernluxe lit coffre 160x200cm en tissu lin - avec LED、Ports de charge et ...,"Le Modernluxe lit coffre 160x200cm en tissu lin - avec LED、Ports de charge et ... est une solution idéale pour une chambre moderne. Avec son coffre de rangement spacieux et son design raffiné, il allie fonctionnalité et élégance. Sa finition haut de gamme et sa construction robuste garantissent des nuits reposantes. Explorez ce lit parfait pour maximiser l'espace et ajouter une touche sophistiquée. Plus d'informations sur https://www.google.fr/shopping/product/6844344426792789257?hl=fr&psb=1&q=lit+chambre&oq=lit+chambre&gs_lp=Egtwcm9kdWN0cy1jYyILbGl0IGNoYW1icmVIAFAAWABwAHgAkAEAmAEAoAEAqgEAuAEDyAEAmAIAoAIAmAMAkgcAoAcA&sclient=products-cc&prds=eto:4514226071353423715_0,pid:13375716836795292144&sa=X&ved=0ahUKEwj3poyjo_yJAxUGKvsDHfxCOewQ8gII-RQoAA.","458,14 €","https://www.google.fr/shopping/product/6844344426792789257?hl=fr&psb=1&q=lit+chambre&oq=lit+chambre&gs_lp=Egtwcm9kdWN0cy1jYyILbGl0IGNoYW1icmVIAFAAWABwAHgAkAEAmAEAoAEAqgEAuAEDyAEAmAIAoAIAmAMAkgcAoAcA&sclient=products-cc&prds=eto:4514226071353423715_0,pid:13375716836795292144&sa=X&ved=0ahUKEwj3poyjo_yJAxUGKvsDHfxCOewQ8gII-RQoAA",Bebeboutik,Modern
Ensemble lit coffre avec chevets 160 x 200 cm + Matelas + Commode + Armoire ...,"Le Ensemble lit coffre avec chevets 160 x 200 cm + Matelas + Commode + Armoire ... est une solution idéale pour une chambre moderne. Avec son coffre de rangement spacieux et son design raffiné, il allie fonctionnalité et élégance. Sa finition haut de gamme et sa construction robuste garantissent des nuits reposantes. Explorez ce lit parfait pour maximiser l'espace et ajouter une touche sophistiquée. Plus d'informations sur https://www.google.fr/url?url=https://www.vente-unique.com/c/chambre-complete%3Fpid%3D1629687%26srsltid%3DAfmBOoqhBV_aAAAKei465MRyVVjJbYy9xhtJ40_bNCSnmPb-1rebcbGIERE&rct=j&q=&esrc=s&opi=95576897&sa=U&ved=0ahUKEwj3poyjo_yJAxUGKvsDHfxCOewQ1SkIhhUoAA&usg=AOvVaw2UaCbsyse3GPqK7Fdp2qBu.","1 779,99 €",https://www.google.fr/url?url=https://www.vente-unique.com/c/chambre-complete%3Fpid%3D1629687%26srsltid%3DAfmBOoqhBV_aAAAKei465MRyVVjJbYy9xhtJ40_bNCSnmPb-1rebcbGIERE&rct=j&q=&esrc=s&opi=95576897&sa=U&ved=0ahUKEwj3poyjo_yJAxUGKvsDHfxCOewQ1SkIhhUoAA&usg=AOvVaw2UaCbsyse3GPqK7Fdp2qBu,Vente-unique.com,Modern
"Lit 160x200 avec sommier,lit 160x200,lit coffre,lit double,Lit à levier ...","Le Lit 160x200 avec sommier,lit 160x200,lit coffre,lit double,Lit à levier ... est une solution idéale pour une chambre moderne. Avec son coffre de rangement spacieux et son design raffiné, il allie fonctionnalité et élégance. Sa finition haut de gamme et sa construction robuste garantissent des nuits reposantes. Explorez ce lit parfait pour maximiser l'espace et ajouter une touche sophistiquée. Plus d'informations sur https://www.google.fr/shopping/product/10151197047695908991?hl=fr&psb=1&q=lit+chambre&oq=lit+chambre&gs_lp=Egtwcm9kdWN0cy1jYyILbGl0IGNoYW1icmVIAFAAWABwAHgAkAEAmAEAoAEAqgEAuAEDyAEAmAIAoAIAmAMAkgcAoAcA&sclient=products-cc&prds=eto:10176631396024729957_0,pid:12913848134838193993,rsk:PC_1566696954533407728&sa=X&ved=0ahUKEwj3poyjo_yJAxUGKvsDHfxCOewQ8gIIkhUoAA.","319,95 €","https://www.google.fr/shopping/product/10151197047695908991?hl=fr&psb=1&q=lit+chambre&oq=lit+chambre&gs_lp=Egtwcm9kdWN0cy1jYyILbGl0IGNoYW1icmVIAFAAWABwAHgAkAEAmAEAoAEAqgEAuAEDyAEAmAIAoAIAmAMAkgcAoAcA&sclient=products-cc&prds=eto:10176631396024729957_0,pid:12913848134838193993,rsk:PC_1566696954533407728&sa=X&ved=0ahUKEwj3poyjo_yJAxUGKvsDHfxCOewQ8gIIkhUoAA",Amazon.fr - Seller,Modern
Lit Balboa 160x200 cm chêne artisan avec chevets,"Le Lit Balboa 160x200 cm chêne artisan avec chevets est conçu pour offrir un maximum de confort et de style. Avec une attention aux détails et des matériaux de qualité, il constitue un excellent choix pour une chambre contemporaine. Découvrez-en plus en visitant https://www.google.fr/shopping/product/4144583843787314889?hl=fr&psb=1&q=lit+chambre&oq=lit+chambre&gs_lp=Egtwcm9kdWN0cy1jYyILbGl0IGNoYW1icmVIAFAAWABwAHgAkAEAmAEAoAEAqgEAuAEDyAEAmAIAoAIAmAMAkgcAoAcA&sclient=products-cc&prds=eto:5755126096732413843_0,pid:15781756155967592964&sa=X&ved=0ahUKEwj3poyjo_yJAxUGKvsDHfxCOewQ8gIIoBUoAA.","959,99 €","https://www.google.fr/shopping/product/4144583843787314889?hl=fr&psb=1&q=lit+chambre&oq=lit+chambre&gs_lp=Egtwcm9kdWN0cy1jYyILbGl0IGNoYW1icmVIAFAAWABwAHgAkAEAmAEAoAEAqgEAuAEDyAEAmAIAoAIAmAMAkgcAoAcA&sclient=products-cc&prds=eto:5755126096732413843_0,pid:15781756155967592964&sa=X&ved=0ahUKEwj3poyjo_yJAxUGKvsDHfxCOewQ8gIIoBUoAA",Mobistoxx,Contemporain
Lit Kobe haut naturel Avec 2 chevets 180 x 200 Cm,"Le Lit Kobe haut naturel Avec 2 chevets 180 x 200 Cm est conçu pour offrir un maximum de confort et de style. Avec une attention aux détails et des matériaux de qualité, il constitue un excellent choix pour une chambre contemporaine. Découvrez-en plus en visitant https://www.google.fr/url?url=https://lejaponais.eu/lits-japonais/247-lit-japonais-kobe-haut-naturel-en-bois-de-hetre-massif.html%23/143-dimensions-180_x_200_cm/138-chevets-avec_2_chevets&rct=j&q=&esrc=s&opi=95576897&sa=U&ved=0ahUKEwj3poyjo_yJAxUGKvsDHfxCOewQ1SkIrBUoAA&usg=AOvVaw0e7U0mmBFm9ez3am8nmdRC.","650,00 €",https://www.google.fr/url?url=https://lejaponais.eu/lits-japonais/247-lit-japonais-kobe-haut-naturel-en-bois-de-hetre-massif.html%23/143-dimensions-180_x_200_cm/138-chevets-avec_2_chevets&rct=j&q=&esrc=s&opi=95576897&sa=U&ved=0ahUKEwj3poyjo_yJAxUGKvsDHfxCOewQ1SkIrBUoAA&usg=AOvVaw0e7U0mmBFm9ez3am8nmdRC,Le Japonais,Classic-chic
Lit en bois massif avec garde-corps et rangement pour chambre - Lit Superposé ...,"Le Lit en bois massif avec garde-corps et rangement pour chambre - Lit Superposé ... est conçu pour offrir un maximum de confort et de style. Avec une attention aux détails et des matériaux de qualité, il constitue un excellent choix pour une chambre contemporaine. Découvrez-en plus en visitant https://www.google.fr/url?url=https://www.litfad.com/fr/storage-included-solid-wood-standard-bed-with-guardrail-for-bedroom-s-4374729.html%3Fsrsltid%3DAfmBOoq7nE1eu101w7qSr8NnCqcTWhYqMoh894KbmsNYgWosXyasZmwiLsE&rct=j&q=&esrc=s&opi=95576897&sa=U&ved=0ahUKEwj3poyjo_yJAxUGKvsDHfxCOewQ1SkIuRUoAA&usg=AOvVaw2g-pjk9mkIERqsMixPk3Bo.","1 125,48 €",https://www.google.fr/url?url=https://www.litfad.com/fr/storage-included-solid-wood-standard-bed-with-guardrail-for-bedroom-s-4374729.html%3Fsrsltid%3DAfmBOoq7nE1eu101w7qSr8NnCqcTWhYqMoh894KbmsNYgWosXyasZmwiLsE&rct=j&q=&esrc=s&opi=95576897&sa=U&ved=0ahUKEwj3poyjo_yJAxUGKvsDHfxCOewQ1SkIuRUoAA&usg=AOvVaw2g-pjk9mkIERqsMixPk3Bo,Litfad.com,Contemporain
Lit Luna avec tiroirs de rangement et chevets posés160x200 cm Lave mat et chêne clair,"Le Lit Luna avec tiroirs de rangement et chevets posés160x200 cm Lave mat et chêne clair est conçu pour offrir un maximum de confort et de style. Avec une attention aux détails et des matériaux de qualité, il constitue un excellent choix pour une chambre contemporaine. Découvrez-en plus en visitant https://www.google.fr/shopping/product/1032095427429962737?hl=fr&psb=1&q=lit+chambre&oq=lit+chambre&gs_lp=Egtwcm9kdWN0cy1jYyILbGl0IGNoYW1icmVIAFAAWABwAHgAkAEAmAEAoAEAqgEAuAEDyAEAmAIAoAIAmAMAkgcAoAcA&sclient=products-cc&prds=eto:2308538431440439499_0,pid:4774548828382839930&sa=X&ved=0ahUKEwj3poyjo_yJAxUGKvsDHfxCOewQ8gIIxRUoAA.","645,28 €","https://www.google.fr/shopping/product/1032095427429962737?hl=fr&psb=1&q=lit+chambre&oq=lit+chambre&gs_lp=Egtwcm9kdWN0cy1jYyILbGl0IGNoYW1icmVIAFAAWABwAHgAkAEAmAEAoAEAqgEAuAEDyAEAmAIAoAIAmAMAkgcAoAcA&sclient=products-cc&prds=eto:2308538431440439499_0,pid:4774548828382839930&sa=X&ved=0ahUKEwj3poyjo_yJAxUGKvsDHfxCOewQ8gIIxRUoAA",Azura Home Design,Contemporain
Habitat & jardin - lit LED Natacha - 180 x 200 cm - Noir,"Le Habitat & jardin - lit LED Natacha - 180 x 200 cm - Noir est conçu pour offrir un maximum de confort et de style. Avec une attention aux détails et des matériaux de qualité, il constitue un excellent choix pour une chambre contemporaine. Découvrez-en plus en visitant https://www.google.fr/shopping/product/2998005544305621653?hl=fr&psb=1&q=lit+chambre&oq=lit+chambre&gs_lp=Egtwcm9kdWN0cy1jYyILbGl0IGNoYW1icmVIAFAAWABwAHgAkAEAmAEAoAEAqgEAuAEDyAEAmAIAoAIAmAMAkgcAoAcA&sclient=products-cc&prds=eto:12350305881377791409_0,pid:14797752902273168710,rsk:PC_17214178813581796017&sa=X&ved=0ahUKEwj3poyjo_yJAxUGKvsDHfxCOewQ8gII1BUoAA.","249,00 €","https://www.google.fr/shopping/product/2998005544305621653?hl=fr&psb=1&q=lit+chambre&oq=lit+chambre&gs_lp=Egtwcm9kdWN0cy1jYyILbGl0IGNoYW1icmVIAFAAWABwAHgAkAEAmAEAoAEAqgEAuAEDyAEAmAIAoAIAmAMAkgcAoAcA&sclient=products-cc&prds=eto:12350305881377791409_0,pid:14797752902273168710,rsk:PC_17214178813581796017&sa=X&ved=0ahUKEwj3poyjo_yJAxUGKvsDHfxCOewQ8gII1BUoAA",Habitat et jardin,Modern
