name;description;price;url;shop
Table de chevet 2 tiroirs Doré mat Style contemporain Maisons du Monde;Cette table de chevet au style contemporain est dotée d'une finition dorée mate et de deux tiroirs spacieux, offrant à la fois élégance et praticité pour votre chambre.;49,99 €;https://www.maisonsdumonde.com/FR/fr/p/table-de-chevet-2-tiroirs-dore-mat-ubud-183828.htm;Maisons du Monde;vintage
Table De Chevet Beppu Avec 1 Tiroir Chêne | Blanc/brun - Pol-Power;La table de chevet Beppu combine une finition blanche et chêne, avec un tiroir unique pour le rangement, parfait pour un design minimaliste et polyvalent.;19,99 €;https://www.but.fr/produits/5901738005082/Chevet-1-tiroir-BART-imitation-Chene-et-blanc.html;But;modern
HOMCOM Lot de 2 Tables de Chevet murales, Lot de 2 Tables de Nuit, avec étagère ...;Ce lot inclut deux tables de chevet murales avec des étagères intégrées, offrant une solution moderne et peu encombrante pour votre chambre.;64,90 €;https://www.amazon.fr/HOMCOM-Tables-murales-%C3%A9tag%C3%A8re-lat%C3%A9rale/dp/B0DJ6KGRD1;Amazon.fr - Seller;modern
Table de chevet 1 tiroir ULOS Noir et Imitation bois;La table de chevet ULOS arbore un design élégant en noir et effet bois, avec un tiroir pratique, idéale pour toute chambre à coucher.;69,40 €;https://www.cdiscount.com/maison/meubles-mobilier/table-de-chevet-table-de-nuit-coloris-chene-noir/f-117600208-jua3666313342878.html;Cdiscount Marketplace;industriel
Table de nuit pour chambre à coucher avec Port de charge USB, incluant une Table ...;Cette table de nuit moderne est équipée d'un port USB pour le chargement et d'un design relevable, alliant praticité et style contemporain.;139,99 €;https://www.leroymerlin.fr/produits/meuble/meuble-de-chambre/meuble-de-chevet/table-de-nuit-pour-chambre-a-coucher-avec-port-de-charge-usb-incluant-une-table-elevatrice-design-a-poulies-amovibles-avec-deux-tiroirs-40-49-55cm-93513037.html;Leroy Merlin;modern
HEYZOEY Table de chevet en rotin à 2 tiroirs pour chambre à coucher, petite table ...;Fabriquée avec une finition en rotin naturel, cette table de chevet dispose de deux tiroirs pour une touche bohème et un rangement pratique.;63,37 €;https://www.amazon.fr/HEYZOEY-tiroirs-chambre-coucher-dappoint/dp/B0D7PDDXKK;Amazon.fr - Seller;boheme
Table de nuit intelligente avec chargement sans fil et Bluetooth Huit, table de ...;Cette table de nuit intelligente propose un chargement sans fil et des fonctionnalités Bluetooth, intégrant parfaitement la technologie à votre mobilier.;58,69 €;https://fr.aliexpress.com/item/1005007400948537.html;AliExpress;modern
Lot de 2 Tables de chevet Tables d'appoint Tables de nuit Noir 34x36x50 cm bois d ...;Ce lot inclut deux tables de chevet noires en bois d'ingénierie, mesurant 34x36x50 cm, offrant un look moderne et uniforme pour votre chambre.;89,99 €;https://www.manomano.fr/table-de-chevet-4585?model_id=81753681;ManoMano.fr;industriel
Bonnevie - Lot de 2 Tables de chevet, Tables de nuit, pour chambre Salon couloir ...;Le set Bonnevie comprend deux tables de chevet adaptées pour les chambres, salons ou couloirs, avec un design élégant qui s'intègre à divers styles d'intérieur.;70,99 €;https://www.conforama.fr/chambre-literie/chambre-adulte/chevet/lot-de-2-tables-de-chevet-%7C-tables-de-nuit-%7C-meubles-de-rangement-blanc-40x30x30-cm-bois-d-ingenierie/p/F82110075;Conforama;modern
Table de Chevet Murale LED, Table d'appoint avec Station de Charge, 16 Couleurs ...;Cette table de chevet murale est dotée d'un éclairage LED et d'une station de charge, avec 16 couleurs réglables pour une ambiance personnalisée.;59,99 €;https://www.amazon.fr/dappoint-Couleurs-Compartiment-Coulissant-40x30x30cm/dp/B0DKSXXV1C;Amazon.fr - Seller;modern
